time,avg_area,avg_perimeter,avg_angle,avg_circularity,avg_segment_length,total_path_length,avg_orientation,euclidean_distance,avg_speed,avg_velocity,avg_directedness,avg_turn_angle,avg_direction_autocorrelation,avg_solidity,std_orientation,sem_orientation,sem_speed,sem_directedness
0,623.6856,96.47130874999999,0.90217,0,0.0,0.0,-0.1991962397051524,0.0,0.0,0.0,0.0,0.0,0.0,296.02747775,0.4956432814856489,0.28615978198776887,0.0,0.0
10,661.719825,103.76981475000001,0.6724800000000001,1,4.418619215453148,4.418619215453148,0.20445364113678394,4.418619215453148,26.511715292718893,0.13322469996341152,-0.42221603115128137,18.622574907384333,0.3185226491924851,295.74737274999995,0.530571327000172,0.30632549846784624,12.806765823231386,0.16920888603439327
20,686.5083,105.0220405,0.6891835,2,1.3214203509180042,5.740039566371152,0.1524517446908093,5.5174851670278615,16.552455501083585,0.16635633669430738,-0.029823760678776373,18.485985652228756,-0.013748007052116096,13.22290525,0.5464801262303924,0.3155104479858977,7.7548835557608555,0.3412316257565835
30,679.31775,105.00018075,0.746899,3,0.8652244775623188,6.605264043933471,0.06195066080850303,5.877673954797203,11.755347909594406,0.1772163001446393,-0.09808714372824782,15.607467973297052,0.33971321905705976,13.22234925,0.5757178417863305,0.33239085093260823,5.011229088494876,0.27841737485821716
40,700.8894,106.4853635,0.688342,4,0.5869844818830856,7.192248525816557,0.12952029690038366,6.119274335554063,9.178911503331095,0.18450073373529838,-0.0029270665728006184,7.035388159745472,0.3334830519269777,13.50266375,0.5520386086825954,0.3187196393259629,3.8624233289047307,0.3251938435243359
50,704.2954500000001,106.8457295,0.85028725,5,0.6509015942088853,7.8431501200254425,-0.1142050251170804,6.340779629350418,7.608935555220501,0.1911792853070478,-0.010110338660345913,15.887386555973809,0.08837187018275416,13.30880775,0.5358212509217595,0.3093565434571999,3.1065682056963104,0.37012949185639926
60,733.246875,108.53295524999999,0.69446425,6,0.5896571806018458,8.432807300627289,0.15456183912947502,6.3798751668034654,6.3798751668034654,0.19235804523025526,-0.02136289826230467,16.065533018186528,0.27622186449110253,13.74857675,0.50848289947162,0.2935727388882612,2.4886282694305217,0.348265392667363
70,727.3809,108.99886974999998,0.8222512500000001,7,0.8138704701396885,9.246677770766977,-0.06983040257245093,6.46126196043429,5.538224537515106,0.194811918405054,0.003276896664903939,16.627779724911157,0.5929755604720733,13.63382075,0.38026026214646585,0.2195433647123797,1.930627731149484,0.37291737924197055
80,721.136475,107.71572924999998,0.74195575,8,1.1344729005120109,10.381150671278988,0.046395764774075005,7.346834541268837,5.510125905951629,0.2215125992342363,0.014603753123007351,26.854068889268973,-0.4426002561812003,13.64619325,0.6987501047858239,0.4034235610943746,1.9136125722347248,0.38274406262938493
90,734.760675,108.713138,0.61476425,9,0.9304400281737115,11.311590699452701,0.3019443064586933,7.4793032177210215,4.986202145147347,0.22550662968003082,0.08193239664143509,-13.930869706248629,0.3264532365750792,14.0147605,0.5233527349568674,0.30215784240847426,1.536624320086153,0.3728730821613456
100,747.6279749999999,109.63591225,0.6342340000000001,10,0.8123548665327727,12.123945565985471,0.2636740900774535,7.66647638738575,4.5998858324314496,0.23115004183072616,0.03484369667752754,18.04295341378886,-0.45746393523211387,13.73122325,0.5484805168705497,0.31666537406047696,1.6024677259046571,0.376432921360276
110,746.3034,109.89072949999999,0.526726,11,0.3713863882626263,12.4953319542481,0.4278765649459171,7.79875106581739,4.253864217718577,0.23513822308997157,0.07244699535308316,5.752295614341386,0.1034703455928886,13.451362750000001,0.618619639670423,0.357160215489708,1.4438293350257407,0.3913177090786428
120,747.4387499999998,110.43127799999999,0.20658000000000004,12,0.6713097785516606,13.166641732799759,-0.029455418958875185,7.830316350653478,3.915158175326739,0.2360899402207079,0.025145503716082873,-24.88379798544465,0.08545881345599915,12.09004075,0.6558742041588289,0.3786691483256315,1.3540640446814898,0.37835577055841857
130,745.7357249999999,109.40295499999998,0.67960975,13,0.7131643727869211,13.879806105586681,-0.3019180603122342,8.037358960343061,3.7095502893891052,0.24233243096511745,0.04411280799540526,-33.38077171198945,0.5506884091418975,11.69024225,0.5132121286707643,0.2963031606394466,1.2600610079617822,0.3874287531952716
140,763.33365,110.5805465,0.57867825,14,1.476181927112275,15.355988032698955,0.2539936536458951,9.201778355204402,3.943619295087601,0.2774405534232483,0.03742134188532739,2.8020151254314687,-0.13847378493118265,12.93401225,0.6513488366037332,0.37605642614951496,1.5431483638404635,0.398793881756285
150,781.8777,111.4505465,0.6733695,15,1.566804137341997,16.922792170040953,-0.055880105915733,10.194111035025273,4.077644414010109,0.3073601317093047,-0.030315847178909533,14.519243750835027,0.5009479166045271,12.37035475,0.5864723482893935,0.3385999681571533,1.7936776496506914,0.390227429556292
160,767.87505,111.50332074999999,0.41472250000000005,16,0.9655502684377044,17.888342438478656,0.2782909073234458,10.897008172328295,4.086378064623111,0.3285530102209536,0.007560570804604594,16.786951610358933,-0.46889118879706293,12.7887725,0.5391226076104257,0.3112625826300923,1.8398828820762665,0.39736387341002155
170,756.8999999999999,110.7980465,0.72462275,17,1.9917213186908893,19.880063757169545,-0.15874205994144366,10.830485711234852,3.8225243686711243,0.3265473078764277,0.0752158023454545,-6.334655066068571,0.3387117152326331,12.95608,0.6817250677999659,0.3935941514076262,1.993363049800991,0.3586737954918316
180,770.14575,111.63072949999999,0.56273225,18,0.9263875315194817,20.80645128868903,-0.0019324455227199555,11.260138298511643,3.753379432837214,0.3395016572415571,0.023625468237171127,41.102670636033906,0.21176806257434933,12.57870675,0.5634341616368622,0.32529886489167353,1.8300492659770897,0.3780645765618234
190,774.4979249999999,111.01554649999999,0.39857925000000005,19,0.6875281843858778,21.4939794730749,0.07367113948258272,11.650839885471141,3.679212595411939,0.3512816045870696,0.0399444933556046,-45.697609009347765,0.6724168585592927,12.43188125,0.5028281320300765,0.29030795738368137,1.743273870160336,0.3760030950045868
200,765.0366750000001,110.527772,0.38999475000000006,20,0.7794768183816897,22.273456291456593,0.18776400572829446,11.359156779504072,3.4077470338512215,0.3424871390805248,0.019899190496803276,-7.811823348392537,-0.666573313062492,12.30827025,0.4843092821180826,0.2796160944019094,1.6139935483962602,0.3764345370067856
210,768.0642750000001,111.32313774999999,0.51823325,21,0.620178295717949,22.893634587174542,-0.3041864688298159,11.77466635278196,3.364190386509131,0.35501506591302395,0.019001196602520504,14.298841377981896,0.03649504236258241,12.40342875,0.19032078752527504,0.1098817579100991,1.5247635463518059,0.3747383414714411
220,774.4979249999999,111.65258925,0.4720782499999999,22,0.29111644907143824,23.18475103624598,0.07430122600270442,11.64941996665719,3.177114536361052,0.3512387929645384,0.010433754949210616,-6.081671922024001,0.17067030071301997,12.260268499999999,0.5859635112681446,0.3383061909659616,1.4587369557283878,0.37655075424304196
230,775.254825,111.90740625000001,0.40380099999999997,23,0.6154270304436241,23.800178066689604,0.2194824126723144,11.314519872158348,2.9516138796934817,0.3411413026781412,0.010464724110996887,66.7092995055124,-0.41146984618342597,12.337387999999999,0.49540017458960295,0.2860194241558949,1.36845229533563,0.37278725672017854
240,783.959175,112.214998,0.4573905,24,0.3588508809269363,24.159028947616537,0.2775201951995269,11.437628988321944,2.859407247080486,0.3448531353262898,0.012642358546219423,-1.8362759752124305,0.07819656282288258,12.968265500000001,0.6191491913004932,0.3574659522658788,1.31279475553548,0.3680303095404029
250,782.823825,112.19313799999999,0.43960025,25,0.4961387881779596,24.6551677357945,0.23019152707231894,11.713729370220756,2.8112950488529806,0.3531777699564047,-0.03450329923535306,21.132479283080116,-0.5462483950102797,12.813782999999999,0.585342477441375,0.3379476369189003,1.2524179319852218,0.3610405615089398
260,784.3376249999999,112.214998,0.7210835,26,0.6960146987641911,25.35118243455869,0.06799457980765641,11.94075766818795,2.755559461889527,0.3600228442669734,-0.016470823301001303,-6.8863172177433,0.07579999354470021,13.9635735,0.6502276649094583,0.3754091173700175,1.207226757609361,0.36020942337486445
270,779.9854499999999,112.3424065,0.23387699999999995,27,0.5645274663989793,25.91570990095767,-0.27465942966188606,11.690668693735981,2.5979263763857743,0.3524824731779693,0.0009314179877737694,-9.753976846054432,0.22417750096903613,13.539557000000002,0.5708118338331761,0.32955836592020815,1.153622843454352,0.36718574253885994
280,793.041975,112.77740625,0.25572325,28,0.6678710073321712,26.58358090828984,-0.1607373062261265,12.257497865994578,2.6266066855702666,0.3695727999797361,-0.02854770599082304,59.168497427765715,-0.13126982452579836,12.70047275,0.6241951876523154,0.3603792596179332,1.0848644533253695,0.3516982958615678
290,788.1221249999999,113.28704049999999,0.18234274999999994,29,0.5482847470285087,27.131865655318347,-0.12943827452077758,11.98188535932102,2.4790107639974526,0.3612628751554076,-0.06726902490838402,-52.61651663827496,-0.13420201558241537,12.8681015,0.7042944683224155,0.406624600874711,1.0837300882532475,0.35602122159901906
300,804.0170250000001,114.47368649999999,0.23772949999999998,30,0.6830772883705916,27.81494294368894,-0.2633702644338786,12.175815576560513,2.435163115312103,0.3671100173837341,-0.018357239168084655,-9.214390976853736,0.08184048233880437,13.4166045,0.5649475410232039,0.32617261488776395,1.0277130789580724,0.3483904458077533
310,807.0446249999999,114.24072950000001,0.2763805000000001,31,0.514793716487676,28.329736660176614,-0.02129112312436307,12.000781667781181,2.3227319356995837,0.3618326130989301,-0.023683245253947882,58.28184594263346,-0.13788189334717985,12.652568249999998,0.5603231620895542,0.3235027284655865,1.0229210233368051,0.3444299130690462
320,810.829125,115.05795475,0.28964574999999987,32,0.8855910131784966,29.215327673355112,-0.1358701958826601,12.347986539641237,2.315247476182732,0.3723011016977258,-0.04639112547163726,-32.72398970132555,-0.3076669356904066,13.259159250000002,0.6588872769605048,0.38040874671876695,0.983525842823423,0.351820443593892
330,815.748975,115.41832074999999,0.2657004999999999,33,1.1988535974108212,30.41418127076593,-0.33462974771309084,12.174889400374951,2.213616254613627,0.3670820924736167,0.01586003916591633,40.98249559698738,-0.11718062989688932,14.198863500000002,0.6022532464212447,0.34771107394163164,0.8884962107923725,0.3640319369932305
340,799.66485,113.77481474999999,0.290127,34,0.6638596826400798,31.078040953406013,-0.22741130071559876,11.90513682509389,2.1009064985459807,0.35894884899780577,-0.037377572433423906,-0.7492211970403426,-0.0034618474545499434,13.383132250000001,0.5931833114609862,0.34247454455079407,0.8740718198527834,0.34430519759405864
350,753.8724,109.244632,0.339152,35,1.2796104383995206,32.35765139180553,-0.3194531110845261,11.526328574111426,1.9759420412762447,0.3475274946968269,-0.0015589583274420449,-29.879731324596552,0.2668153585198782,13.8454595,0.5469674210744137,0.3157917877952681,0.8416963731800123,0.3339823377313674
360,804.9631499999999,114.548321,0.3046047500000001,36,0.9853917505218606,33.343043142327396,-0.2521792577627568,12.208736630648332,2.034789438441389,0.36810261197934674,-0.0220189721346771,17.476279345552427,-0.2908896997809857,13.56855725,0.5107462605350505,0.2948794910075061,0.7943542520493379,0.36088480977294635
370,767.4966,110.527772,0.202341,37,1.3368721797679088,34.6799153220953,0.017909552832465314,12.029374739825968,1.950709417269076,0.3626947157736473,0.06216194980849454,13.143196718902315,-0.27600089109658243,13.293969,0.6911393564255437,0.39902949347983235,0.7414782769663847,0.36945575950256093
380,769.199625,111.1738695,-0.04714750000000001,38,1.0198604280954418,35.699775750190746,0.04879126976486914,12.195618529329753,1.9256239783152242,0.3677070913365755,0.0628395234137211,25.368521180284695,0.42649524275648293,13.97273575,0.672085098355022,0.38802851245360803,0.7048117126423421,0.38457166182144054
390,742.14045,109.837955,0.10862175000000002,39,0.7143253634454444,36.414101113636185,-0.008380741150070842,12.303308245196513,1.892816653107156,0.37095401744311096,0.014792734450249673,40.28962216285784,0.07085237767030994,14.4583335,0.6712917082661022,0.3875704484721978,0.7190220583466886,0.36887412857086016
400,758.03535,110.52777224999998,-0.01943499999999998,40,0.9967237334006994,37.41082484703689,-0.1301176081374995,12.376976748033538,1.8565465122050306,0.3731751783326695,0.003331355719057072,2.76055163266615,0.1504269237765428,14.90073425,0.7228442784935705,0.41733433877044374,0.703375310393511,0.36119678124036275
410,695.780325,104.459632,-0.21417949999999997,41,1.259676633370627,38.67050148040752,-0.6512026141087177,13.042640454719646,1.9086790909345823,0.3932454408458185,0.007560822358881142,29.497466559137905,0.0360367255752603,14.89413425,0.3885545074375517,0.22433204946391294,0.7536796284917352,0.3589747820153205
420,707.7014999999999,104.66167475,0.43723225,42,0.6882168902649113,39.35871837067243,-0.37551318084475693,12.822004234420795,1.8317148906315424,0.3865930924950994,0.040276308788422505,5.212474442916076,-0.2802238005184191,15.062217,0.7607627380182317,0.4392265715842628,0.7527300634985119,0.3556246028577399
430,767.87505,110.0090835,0.44218274999999996,43,1.020267155401673,40.378985526074096,-0.4395526235782914,13.71949051282974,1.9143475134181032,0.41365298028632386,0.013205828530114344,51.954580185418855,-0.12145581126198005,15.130589749999999,0.7116969279362767,0.41089841292543905,0.7313475785369372,0.36261360804989934
440,801.746325,111.7272235,0.4505372499999999,44,1.2596327432716001,41.6386182693457,-0.5069544814259078,13.807672933647513,1.8828644909519336,0.41631174674314114,0.0475011300955466,34.571039843018674,-0.33517927692252236,15.288655250000001,0.6325278801253942,0.36519014186033966,0.790532842321477,0.3711287932824808
450,846.9711,117.0836865,0.38322225,45,1.0752650332955924,42.71388330264129,-0.4621892332156663,14.289910536309376,1.90532140484125,0.4308515739590767,-0.029059188010735565,15.595849026262217,0.19537404763194416,16.15556675,0.662807857563321,0.38267229498518246,0.8025775326308315,0.37174964383648285
460,861.3522,117.848138,0.6136435,46,1.837943549929989,44.55182685257128,-0.22304515942869635,15.577663833945882,2.031869195732072,0.4696783065511322,-0.0119182457067174,28.445742042561395,-0.4794715970583451,15.2257845,0.5377707798741704,0.3104821045226673,0.9202978485726468,0.3860103775391214
470,880.65315,119.92664375000001,0.7538617499999999,47,0.9392618106967872,45.49108866326807,-0.3716063707991113,15.365953891627596,1.9616111351013952,0.4632950922098773,0.05070827752581289,0.8828593246787442,-0.018490117321140025,15.51606125,0.5475045503336634,0.31610189951768564,0.92188191534398,0.40737988439979117
480,903.7385999999999,121.53923525,0.7924262500000001,48,0.7434529873486475,46.23454165061672,-0.2854180880385122,15.919562593987346,1.9899453242484182,0.4799868118790155,0.08301726476848018,6.05214225569515,0.10807388551185541,15.6840415,0.6562353168752518,0.37887763684966597,0.9412253545767237,0.42787937938215853
490,906.0092999999999,123.31014975,0.6247559999999999,49,1.0104246513643234,47.24496630198104,-0.21666145726103359,15.739295425892127,1.9272606643949546,0.4745516208811697,0.13198897437549173,-8.249480902709461,-0.19193064973249904,15.058581499999999,0.45652133312610405,0.263572714571163,0.9727924331481604,0.46007911444898575
500,882.9238500000001,121.77219249999999,0.641276,50,0.8459222388629588,48.09088854084399,-0.2945458325426911,15.066252703073014,1.8079503243687614,0.45425887546953814,0.15386739369298272,15.207572417805606,-0.22070975280591085,15.333845,0.41235753009150183,0.2380747310006978,0.9752087712548974,0.47899246101031256
510,902.6032499999999,123.819784,0.52379125,51,1.199516172913342,49.29040471375734,-0.11673058290325278,15.857815678420563,1.8656253739318311,0.4781250958317758,0.1729810197300316,-21.14117150837716,0.08255731519532566,15.2116905,0.5546477696548232,0.32022603911563774,0.9348422300566912,0.476749896692613
520,932.3115750000001,128.0205155,0.13924949999999997,52,1.3050330165586077,50.59543773031594,-0.43581813057464447,15.642334804597796,1.8048847851458996,0.47162818506325016,0.1675923918125938,-3.769762016291014,0.3646078953888182,14.408908750000002,0.39198872795810513,0.22631479760591097,0.89822185169627,0.4728736716818032
530,912.632175,123.38478425,0.482998,53,1.39777147148709,51.99320920180304,-0.15297052109374065,15.616169125908984,1.7678682029330925,0.4708392701279091,0.15299165223953162,26.721367501487897,-0.21205827862899665,15.11137025,0.5719241427461846,0.3302005577705557,0.9198866065602262,0.47839698787722695
540,896.5480500000001,124.434967,0.5365692500000001,54,0.8524822637448496,52.845691465547894,-0.2746831370702268,16.0841902943026,1.7871322549225115,0.4849504611347518,0.15551586441534146,42.52361300622232,0.8118815536058064,15.72926175,0.4558300631411657,0.2631736096592761,0.8856971449941061,0.47625390174920573
550,910.1722500000001,124.84810725000001,0.5241972500000001,55,1.2408756659113256,54.08656713145922,-0.2740071313738212,15.871138061110793,1.7313968793939052,0.47852677571188323,0.15064259961389626,27.931747050871323,-0.4336861879799446,14.885147500000002,0.46184574627451613,0.2666467659356755,0.87948804086033,0.48102659617363297
560,916.416675,124.77347275,0.516963,56,1.5322554008697442,55.618822532328956,-0.2311895631740577,16.668086219479342,1.7858663806585007,0.5025553634013872,0.13887905890796035,-12.036405756479901,0.15584329270904784,14.67630475,0.5419845804519559,0.31291494342056314,0.9395224767082538,0.49308204317185245
570,912.2537250000001,123.54310699999999,0.44921400000000006,57,1.2682900577382656,56.887112590067225,-0.12020476436793615,16.46452345889319,1.7331077325150726,0.49641779273044795,0.12768105621561607,-6.879374641668242,0.20889653161671007,14.83127425,0.6769983887307373,0.39086520197463404,0.9194828069298289,0.4877360146688818
580,906.0093,124.66792425000001,0.011175749999999957,58,1.6156803110175402,58.50279290108476,-0.6394645111144661,16.76456771269768,1.7342656254514843,0.5054643531466637,0.10648478782658935,7.360980667340513,0.23773979959715058,14.69795625,0.3224263485264387,0.18615293911556746,1.0012299606763675,0.4888360963429331
590,914.7136500000001,124.7206985,0.7361007499999999,59,1.0763903146819063,59.57918321576667,-0.6279371823665073,17.493753451259938,1.7790257747044005,0.5274498528018072,0.11323875360113042,57.153374070630285,0.5451045556530449,14.608509750000001,0.3139545927291146,0.18126176862547363,1.0100278724712777,0.483849294755376
600,909.226125,124.87902175,0.61990875,60,1.2761317104032486,60.85531492616991,-0.47504599779629164,18.16311707015027,1.8163117070150274,0.5476316704567922,0.11455124638951154,28.52220752038744,0.10969653856073103,14.81982025,0.26786365910796606,0.15465115569210236,1.0592809771835185,0.48041433959502383
610,917.3628000000001,125.6962475,0.49915200000000004,61,0.6505741730336598,61.50588909920357,-0.2803824687432726,18.173756014603278,1.7875825588134373,0.5479524426513551,0.08944041018659224,37.49527971370186,-0.03221288568878353,15.005239,0.5877643150530826,0.33934588551595324,1.0352048331362302,0.4709519218377106
620,929.8516500000001,125.283107,0.459225,62,0.8685212441080917,62.374410343311666,-0.26171366699747467,18.020484782158178,1.7439178821443397,0.5433311994620557,0.07808599182809706,21.003692651533857,0.5407843205665973,15.187543999999999,0.6731444145194573,0.3886401089263017,1.0342707026268996,0.4659685895590878
630,928.7162999999999,124.77347274999998,0.41556175000000006,63,0.5939190644463928,62.968329407758056,-0.22205753784845866,18.094389179123425,1.723275159916517,0.5455594727373897,0.0954551591450526,-1.269185723086034,0.25206748249977634,15.202445749999999,0.7113523484324347,0.4106994698561386,1.004645841773111,0.46833916864978353
640,946.125,126.9175585,0.12069874999999997,64,1.091521010715521,64.05985041847357,-0.538495186623786,17.197322102013917,1.6122489470638048,0.5185122241813241,0.005791439478447485,9.628230092739802,0.009340337090864792,15.633859999999999,0.20464298550219934,0.11815068276746347,0.9856447107978232,0.4190571656285239
650,947.449575,128.35902149999998,0.5183615,65,1.342621378206056,65.40247179667963,-0.4092155291999936,17.069048017148248,1.5756044323521456,0.5146446638336155,-0.37389422209919293,11.767880531535805,-0.5704194498072115,15.778982999999998,0.38034007973766254,0.21958944742014322,0.935430869813107,0.4321976899763885
660,913.95675,125.08106425000001,0.2784625000000001,66,1.5179045640747442,66.92037636075437,-0.1745808774681798,17.369936801557355,1.5790851637779415,0.5237166874841414,0.04995003800501091,5.887581660291601,0.1699705772420824,15.68127975,0.6514441836323512,0.376111474782154,1.0006946806327308,0.43681267206424595
670,902.0355749999999,122.52383875,0.667471,67,1.909700436196814,68.83007679695119,-0.6339962707712955,18.281647183965493,1.6371624343849693,0.551205442732628,-0.41337447698977126,-7.789499386295102,-0.2892668550902836,15.844714999999999,0.194011466634529,0.11201257248731941,1.0550864013668217,0.39390429690002565
680,922.6611,124.03993600000001,0.5323627499999999,68,0.8976980206511973,69.7277748176024,-0.35378247310744404,18.89644987070041,1.6673338121206243,0.5697422071567962,-0.41812481098842114,-19.59943549879942,0.14718102634871297,15.372983999999999,0.3929658261538157,0.22687892551222918,1.0625564819864164,0.40922165242443403
690,921.3365249999999,124.49679600000002,0.54775125,69,0.9260114129262389,70.65378623052862,-0.42633795440839134,19.315768371582912,1.6796320323115577,0.5823849760276255,-0.4171916613003751,-34.651662363739206,-0.061921962205902195,15.347666250000001,0.2807424622338006,0.16208673614364313,1.0611626888268726,0.399095471388969
700,933.825375,124.44402174999999,0.603345,70,0.6726313488717535,71.32641757940038,-0.5359999849977181,19.401093705328496,1.662950889028157,0.5849575991556331,-0.3742940826050411,39.453858442005334,0.2627498138050204,15.71242225,0.178152954111691,0.10285665601331183,1.069642668352929,0.38407865952886977
710,946.314225,126.13124724999999,0.5154732500000001,71,0.7507960250676211,72.077213604468,-0.41198816972268903,19.51806109418732,1.6494136135932944,0.5884842540961002,-0.4123971434836778,20.247786153537962,0.0075083867372297,15.521645,0.41217058028826403,0.2379667954814735,1.0353035142018083,0.40671049751539917
720,944.421975,125.95106449999999,0.532467,72,0.7216644752030068,72.79887807967101,-0.38081245143310666,19.771603608279136,1.6476336340232614,0.5961287520084162,-0.42063881749536425,-38.6701474750078,0.0943683028827546,15.548423499999998,0.40786951538026955,0.2354835744990408,1.0132261364410682,0.3862803331501244
730,944.98965,125.00643000000002,0.48814174999999993,73,0.9898359305079039,73.78871401017892,-0.307612463919288,19.571737835103676,1.6086359864468776,0.5901026482945833,-0.3976330706050551,36.798211840326935,0.211553817754399,16.014805,0.5059486486786201,0.2921095885107287,1.0250800524216146,0.3702013750280739
740,951.04485,126.56624725,0.4759002499999999,74,1.2384853914864595,75.02719940166537,-0.28768574678057307,19.372673924842793,1.5707573452575236,0.584100721352044,-0.3283883605462862,21.882338550743306,-0.6106893713064644,15.793183249999998,0.5705080332941128,0.3293829665972,0.9958622724434675,0.3355941676764031
750,970.156575,125.97292424999999,0.538428,75,0.5250213012726883,75.55222070293806,-0.31825180172035783,19.583092171597126,1.56664737372777,0.5904449900984059,-0.3453469271170286,-19.996736788992973,0.19974715880507476,15.637540999999999,0.4285589217360307,0.2474286088279131,0.9916996428059585,0.3302998918330209
760,967.507425,126.28051574999999,0.59698,76,0.9520379108114779,76.50425861374954,-0.43108373508481074,19.25205516305273,1.5198990918199526,0.580463974765409,-0.33902723082938635,-15.611254068637532,0.42703040074333676,15.566118249999999,0.35432335997238246,0.20456868726022767,0.9631331460580583,0.3408052835148383
770,982.266975,128.50829000000002,0.2957377499999998,77,1.2335362819117466,77.7377948956613,-0.24673142559033479,20.105927548125706,1.5666956531007041,0.60620887079776,-0.31144476762817663,0.4651656293949653,0.7882393892060535,15.529435500000002,0.6133552391271302,0.3541208124189159,0.9149885522510474,0.3370765852374768
780,994.3773749999999,130.53402150000002,0.11044925000000003,78,0.895647155734141,78.63344205139543,-0.5286076642894065,20.2296743448827,1.556128795760208,0.6099399299964633,-0.26817510915449744,-4.340970461507656,-0.08275234437503987,15.851841,0.21455039382382537,0.1238707276289258,0.9021952325174905,0.31889959033976883
790,993.242025,130.586796,0.5573362500000001,79,1.0587194751091993,79.69216152650463,-0.3358958315298426,20.08316209159704,1.5253034499947118,0.6055224751235289,-0.19926865359891235,-14.845168751160028,0.11416300729309584,16.135503,0.4713636039094642,0.2721419036033213,0.9231683063453695,0.33495688673060653
800,946.314225,129.79143,0.58898575,80,1.146497477340168,80.8386590038448,-0.49867105706052645,20.814969435393518,1.5611227076545136,0.6275870181525685,-0.15426267039469185,8.098677750424045,0.41231909210395906,16.2491335,0.14322120325874302,0.0826888002550974,0.9529587152778907,0.3494212627144763
810,976.9686750000001,130.25734475,0.6036880000000001,81,1.0350764935063588,81.87373549735116,-0.5607440662591915,20.82609751870889,1.5426738902747328,0.6279225382525294,-0.2662179151185896,-21.544329654257105,-0.16030374784087603,16.071174499999998,0.124853073529542,0.07208395561143321,0.9535669006435947,0.31177269727247686
820,947.6388000000001,130.7142045,0.5825652499999999,82,0.8391706516611736,82.71290614901234,-0.5085532798942839,20.996428270645612,1.5363240198033374,0.6330581388134356,-0.15705168767649083,19.807575772450683,0.4997034235596246,16.2348425,0.12971003173135304,0.07488812173669158,0.9290056377188022,0.34391939877677785
830,991.5389999999999,134.14142999999999,0.56195375,83,1.0322038498535495,83.74510999886589,-0.6210148370701367,21.39559687299908,1.546669653469813,0.6450933730552486,-0.15812158609022797,22.420813166072463,0.16094095827310922,16.632492499999998,0.07609337134756117,0.043932528431060595,0.9021537155221814,0.341594148406293
840,1027.8702,135.53011924999998,0.49826475,84,1.2728062568647855,85.01791625573068,-0.5364866030527626,21.726831033490114,1.551916502392151,0.6550803326680437,-0.32054203025776873,18.704897869001222,0.42221411542568643,16.4795315,0.28605188586689484,0.16515213330745185,0.8912452518789707,0.29471136585124913
850,1013.2998749999999,138.41812199999998,0.5446725,85,0.6025558189464431,85.62047207467711,-0.6569702319436623,21.519348303305268,1.5190128214097838,0.6488245719589528,-0.2750899595506089,5.721684589047826,0.046569764410568315,17.9762355,0.09718741575132622,0.05611118064587227,0.8783289432137799,0.29225873704209077
860,1040.169825,136.835119,0.521848,86,0.6776016115362683,86.29807368621337,-0.6522997861343882,21.67812888749085,1.512427596801687,0.6536119262560056,-0.31856372574776015,-7.138820516764283,0.4119988081316748,18.133173,0.13583961780104425,0.07842703990404877,0.8627914816241564,0.2778718133205543
870,1031.8439250000001,135.63566775,0.52643925,87,0.5408256231383145,86.83889930935169,-0.685533357450934,21.808901693385877,1.5040621857507501,0.6575548249262074,-0.2979498184997718,22.476528259962734,-0.15206922196644204,18.444896749999998,0.08963472197108831,0.0517506308587451,0.8465905169964018,0.27410485368931264
880,1071.202725,137.705119,0.46603424999999987,88,1.506026801211219,88.34492611056291,-0.6436679796586874,22.324502277294393,1.522125155270072,0.6731005711747053,-0.4258537906545668,-52.417981478921156,-0.22950420104365674,18.74547325,0.17253301188004522,0.099611980853041,0.8240773643600469,0.23022658606794533
890,1038.08835,136.1890215,0.41529125,89,0.6687361136291848,89.0136622241921,-0.5453866592193659,22.076340369229165,1.4882926091615165,0.6656183025898241,-0.4311973372886912,12.448839373773751,-0.24222243440870975,18.772788499999997,0.28997131653380326,0.16741501765806152,0.8088842194314193,0.21192457325547767
900,1064.57985,136.797802,0.5206020000000001,90,0.9410746101612766,89.95473683435337,-0.6834443438823194,22.888311892749645,1.525887459516643,0.6900998560628034,-0.41103222405284995,40.06881774195469,0.49178998483246733,18.8818055,0.13006107132952152,0.07509079454319037,0.7963616030189257,0.22871048624302168
910,1079.71785,141.088625,-0.19512175000000004,91,1.1081553362851655,91.06289217063853,-0.7510079979149846,22.882579658131245,1.5087415159207416,0.6899270248682788,-0.4514249940157891,-7.270702211059314,-0.41562459032738924,18.2370145,0.22278062161455053,0.12862245185939292,0.8112269900838819,0.1914102974478366
920,1082.367,140.7810335,0.38633825,92,0.7755310668676568,91.83842323750619,-0.4566628605734112,22.40638660432652,1.46128608289086,0.6755694453565786,-0.4294281701051988,22.43758570164359,-0.0472300003233172,17.56553675,0.3809039799535945,0.21991501536160757,0.7798791765293525,0.20354779409308832
930,1094.09895,140.14399075,0.49960225,93,0.5762003769966166,92.41462361450282,-0.6734335880633798,22.72429048857081,1.4660832573271492,0.6851544870925872,-0.4683483685985153,-23.575309057721803,-0.42968558639806875,18.16497975,0.12930762063951148,0.07465578958449197,0.774461919950688,0.1855386527737778
940,968.0751,128.64342725,0.48944399999999993,94,4.0229763549757305,96.43759996947855,-0.6517869641526779,21.59880159285696,1.3786469101823597,0.6512201485283506,-0.1512810294656366,-11.628601552953198,0.3483292512839812,18.011514,0.24427484943506583,0.14103215007759057,0.7812908831351161,0.360208487684019
950,1076.3118,140.3460335,0.45842549999999993,95,3.7533195893065625,100.19091955878511,-0.6403499915661934,22.848392060685885,1.443056340674898,0.6888962430357554,-0.4952583292908914,-2.9635951101388365,0.5522799719671984,18.19365075,0.1759928730498688,0.10160953263079739,0.7539699070319086,0.17911702589091397
960,1057.956975,140.93030199999998,0.49549699999999997,96,1.3001311973463952,101.4910507561315,-0.7551719882399266,23.810002861694457,1.4881251788559036,0.7178895335184259,-0.5414202615330657,-19.492897036102267,0.5995873246641678,18.671722000000003,0.16332010122458618,0.09429290440609175,0.7379261473056331,0.14591301565625067
970,1138.5668249999999,148.81307625,-0.15090074999999997,97,1.3269385356728869,102.8179892918044,-0.7950769516591847,24.53840037911053,1.5178391987078679,0.7398512677118754,-0.5625449407714083,-22.69203076120094,0.7142233207508673,18.6935085,0.16543452068140835,0.09551366504866782,0.7725645067263484,0.1445244703011645
980,1148.028075,145.438625,0.5106569999999999,98,1.1376221340428176,103.95561142584722,-0.748826423958843,23.68854295608839,1.4503189564952075,0.7142274258117103,-0.5878385081883039,41.86149974031128,0.26075733535408074,18.31619975,0.13331091562851746,0.07696709302404003,0.7369190880850532,0.13089878225699822
990,918.308925,125.59069874999999,-0.09200349999999996,99,4.863915222947535,108.81952664879474,-0.6663212790878044,25.56481498737705,1.5493827265077,0.7707984418304639,-0.3328343590961404,2.793432976432534,-0.48438477657009904,18.017951500000002,0.1648746979307742,0.09519045123289072,0.7107105371650426,0.2989762759290515
1000,903.170925,125.23033275,-0.06945575000000004,100,0.5053956846213965,109.32492233341614,-0.6911532703661062,25.530371702145505,1.5318223021287303,0.7697599508184575,-0.3542483827562588,34.58184611364323,-0.1350878154627667,17.569013499999997,0.14125663238265151,0.08155455473094386,0.7107567609840103,0.2961898380933001
1010,886.519125,126.28957025,-0.17520875,101,1.327348846346252,110.65227117976241,-0.4356823118425487,25.548846509781068,1.5177532580067963,0.7703169801944041,-0.3328115918031462,24.430017683569492,-0.1571277403270593,17.24066775,0.4854451229367112,0.2802718724043012,0.6989041779686159,0.2931079778189501
1020,874.9764,127.23420449999999,0.0275605000000001,102,1.1042417517157406,111.75651293147813,-0.7484272496428195,25.54015753417576,1.5023622078926917,0.7700550010304249,-0.30131364403563243,-15.71369781687111,-0.1295491924089636,17.296337,0.11043660638897632,0.06376060442706422,0.6855799148282776,0.31100471170909216
1030,896.358825,130.7142045,-0.029276750000000018,103,1.5540655887995098,113.31057852027763,-0.6813918709887037,26.023034673529335,1.515904932438602,0.7846141107596785,-0.3367512650161686,28.12751184116908,0.44607228927474146,17.166599499999997,0.054634170768139215,0.03154305319993716,0.7087276030924379,0.3144140089188951
1040,882.734625,131.276613,-0.3664985,104,1.384318587631392,114.69489710790903,-0.3158646631275771,25.784603302291845,1.4875732674399142,0.7774252251947291,-0.33201390780367146,4.7851513573998385,-0.008057731419248197,17.399599000000002,0.725544358439086,0.41889323065382067,0.681483005699245,0.3325309392492184
1050,886.897575,128.71938725,-0.12531324999999996,105,0.8780319933580342,115.57292910126706,-0.5024732985573892,25.409928694024973,1.4519959253728556,0.7661285033374364,-0.3487640969932692,-22.402558347880277,0.1864085575825182,17.41672625,0.3508487103063688,0.20256259734021506,0.6723583565330701,0.32555524172623806
1060,877.436325,129.185302,-0.280939,106,0.9771530207570451,116.55008212202411,-0.2743889303346311,25.023290509567904,1.4164126703529,0.7544710706402383,-0.3205239622456979,21.747832839500184,0.5696435907420694,17.5311315,0.7252319280687647,0.4187128488954126,0.6698332714733475,0.32960986009774523
1070,892.3851,128.8995705,-0.17528925,107,1.0014389833403246,117.55152110536442,-0.38842612120070363,25.496884282829562,1.429731828943714,0.7687502798843084,-0.3529679287352828,45.2381864482944,0.31108752790055566,17.146753,0.5227275796821447,0.3017969088423278,0.6712541860039022,0.33686825206373905
1080,898.2510749999999,128.84679599999998,-0.00539075,108,0.4539538000039305,118.00547490536835,-0.7050108508590698,25.30326646478981,1.4057370258216562,0.762912556727331,-0.36545770373440856,5.259799531182836,-0.21693282904677053,16.92085025,0.027018980933070976,0.015599415914937895,0.6601162854879986,0.3368888439134189
1090,908.6584499999999,130.66143025,-0.21994550000000002,109,0.3930991197876138,118.39857402515597,-0.3411195203170313,25.32998794951162,1.3943112632758687,0.7637182296335162,-0.3658009831540842,27.23366149032307,-0.19951095698064875,16.712834,0.6265455949246709,0.361736267889333,0.6629734751420998,0.33641743360429177
1100,901.657125,130.0990215,-0.26974475,110,0.8268765135647812,119.22545053872075,-0.29144623591380525,25.016066152188177,1.364512699210264,0.754253250819744,-0.35751674840063563,-29.745032971550387,0.12271511645724564,16.59123925,0.7126127455058521,0.411427160445762,0.6652170632365316,0.35042408033670397
1110,896.9265,129.46197875,-0.24182875,111,0.8032359091193226,120.02868644784007,-0.28425693762509824,25.2697272547146,1.365931202957546,0.7619013242627518,-0.33170853961147784,5.854949871599615,-0.5184209229532386,16.44719025,0.686334944262225,0.39625566482404234,0.6522705363499541,0.35568065475678246
1120,901.08945,129.94975325,0.004159249999999948,112,0.5929984806841235,120.62168492852419,-0.6826978685871437,25.367074572781853,1.3589504235418848,0.7648364192798549,-0.3617820456581228,16.07733900798672,-0.442554218360707,16.34136375,0.027011817782989785,0.015595280268310273,0.6403990118321315,0.3686318784617556
1130,886.3299,128.66661324999998,-0.15217025,113,1.1124756634441235,121.73416059196833,-0.4263766495089434,25.717326480853785,1.365521760045334,0.7753967783171996,-0.387228119639939,11.7643462723404,-0.2353652749401585,16.76518625,0.46475432068287437,0.2683260321532992,0.6334877166608576,0.3918077842696543
1140,906.38775,131.66656724999999,-0.21308650000000004,114,0.757598852739652,122.49175944470798,-0.36300801754166057,26.401934721992756,1.3895755116838293,0.7960382328239023,-0.3830264851119246,-0.556877216496872,0.1511924565611841,17.299119,0.600644810393001,0.3467824429677509,0.6350810825128211,0.38895025980383874
1150,883.113075,129.101613,-0.21238149999999997,115,1.6461304839760438,124.13788992868403,-0.3842857148919519,26.29804107349857,1.3720717081825342,0.7929057610100072,-0.3712699310346949,-17.39214837541548,0.21445242884418775,17.70849175,0.5932082224875528,0.34248892693868804,0.6294019784963657,0.41333989703574747
1160,913.010625,130.0462475,-0.05152774999999998,116,0.8259509595109342,124.96384088819497,-0.6448676823278686,26.650192028185298,1.378458208354412,0.8035233777342301,-0.37830170898099347,-16.053457356030563,0.012076634838204564,17.943012,0.10863116718656614,0.0627182336175472,0.6282249908095223,0.42124892734231134
1170,900.5217749999999,133.4078935,-0.12964825000000005,117,0.7285611320653568,125.69240202026033,-0.4913303835150844,26.14546098479946,1.3407928710153572,0.7883053563256119,-0.38307255825815684,-18.781686086891828,0.047708375880885306,18.000819,0.3663653304076974,0.21152112213263027,0.6085457807045023,0.422325544407835
1180,899.9541,133.95617075,-0.12813475,118,0.8517445401144245,126.54414656037474,-0.4308216951743162,26.41955986336056,1.3433674506793503,0.7965696441214241,-0.373644384594791,-5.125193159370546,-0.27355736937681435,17.993162750000003,0.4007631107982988,0.23138068990066962,0.6112969831774315,0.4314419911133621
1190,861.5414250000001,131.90085075,-0.12747275000000005,119,0.7434977609038773,127.28764432127863,-0.46500055838637844,26.5310640612508,1.3377007089706285,0.7999315797362051,-0.36680331253665077,4.2513891264924375,0.0005769707426665771,17.655898,0.38788647873528687,0.22394636291283393,0.604760812209375,0.43346387905885175
1200,861.5414250000001,131.434936,0.08004799999999995,120,1.2036170912076658,128.4912614124863,-0.7549185320052885,26.520806621212827,1.3260403310606415,0.7996223101873214,-0.3819028068455147,-44.35906565023437,-0.053452734288496534,18.159022,0.1373668010396565,0.07930875955796346,0.6143074299388235,0.4367910176658313
1210,830.130075,127.90216175,-0.07466375000000003,121,1.0356276719502095,129.5268890844365,-0.49996682654247476,26.830598523101155,1.3304429019719581,0.8089627695407384,-0.38752025278359514,-19.00155806880866,0.015566579285556131,17.476045,0.27702104079730666,0.1599381724755153,0.6124087078932268,0.4420872702105203
1220,902.0355749999999,133.3860335,-0.04195850000000001,122,0.7410779808446779,130.26796706528117,-0.5108485549281655,26.844191945951838,1.32020616127632,0.8093726214859851,-0.37982546253380367,18.862147991315663,-0.10113271133846698,17.97424325,0.19206409026204832,0.11088825421445418,0.6059884613023205,0.4427564886767066
1230,927.7701750000001,137.94580474999998,-0.14524050000000002,123,0.9764432030972754,131.24441026837846,-0.29478423812304844,27.56252084939321,1.3445132121655223,0.8310307793786897,-0.3729934970299811,-16.266930617051372,0.1509414880696937,16.92804125,0.5418373076394107,0.31282991542259586,0.5956201565144459,0.4435422410116682
1240,916.038225,130.999936,-0.04703524999999997,124,0.48893328735768393,131.73334355573616,-0.510066315641859,27.22166275271681,1.3171772299701685,0.8207536508356827,-0.37412860158985073,15.397903906179426,-0.19978738941152044,18.1073705,0.2117405814808808,0.12224848171635441,0.5955192196099363,0.44407623655392914
1250,897.6834000000001,131.1337475,-0.09580000000000002,125,0.9729679405225713,132.7063114962587,-0.3927961423518779,27.347277476139134,1.3126693188546785,0.8245410294313307,-0.3761836966742748,-2.595019860544333,0.4877749016769414,19.550235,0.3911205527166673,0.22581355639656306,0.5690632212368665,0.43983134283929587
1260,905.441625,132.146613,0.06383600000000006,126,0.8068531245005222,133.5131646207592,-0.6256960986744623,27.197571748675454,1.2951224642226407,0.8200272889047876,-0.38539822697316173,2.6237462156904767,-0.4375253399584986,18.141095500000002,0.20385873798005158,0.11769789724944017,0.5508000915889836,0.43776023572353495
1270,893.52045,132.12475325000003,-0.06838449999999999,127,0.46734208767289154,133.9805067084321,-0.44382649871245294,27.46455587620658,1.2975380728916492,0.8280770615941683,-0.3867696780700654,-24.20786771143068,0.11881710526457656,18.646659,0.30688317263395126,0.17717908232997817,0.5537350059417869,0.43716299495192407
1280,962.5875749999999,142.19158225,0.0273540000000001,128,3.033761208943069,137.01426791737518,-0.6318858701198778,30.071268003081308,1.4095906876444364,0.9066713970778284,-0.38326277163433603,1.5937470192183145,0.23044062160290119,19.297945,0.1407585919067854,0.08126701092813524,0.6699202470207611,0.43619234322333855
1290,916.416675,136.64080475,0.06223899999999999,129,2.7816783128193365,139.79594623019452,-0.6594403651343217,27.79895600666629,1.2929746979844787,0.8381594775879284,-0.3828993542604022,12.106681089085832,0.7943456607230279,19.277646750000002,0.1717058291841926,0.09913440670092151,0.5644419759879484,0.4304129724177094
1300,910.17225,133.79011925,-0.28149275,130,0.6066596270910309,140.40260585728552,-0.2110540408965664,27.828665554120803,1.2843999486517292,0.8390552428378132,-0.38659974098701916,24.59067186899065,0.09767710893685544,19.4438025,0.7046318093780839,0.40681936482400977,0.5550513244108516,0.43275316994851865
1310,899.9541,131.61511900000002,-0.006835249999999959,131,0.9968564770249492,141.39946233431047,-0.5944370430413733,27.9436664054947,1.2798625834577726,0.842522605190795,-0.38413059755621504,12.733028793078331,-0.21351087775555777,19.349543750000002,0.09982710250910362,0.057635204506051335,0.5394605254447927,0.43344581296777995
1320,923.228775,134.27789325,-0.09981725000000008,132,0.9341487156211804,142.33361104993168,-0.4471008184292209,27.622723177835653,1.255578326265257,0.832845924959869,-0.38590380467687213,-32.58205915932294,-0.29313278396830655,19.23032675,0.3540092357383781,0.2043873275491663,0.5400180184130677,0.43121583233271527
1330,939.6913499999999,138.8389905,0.020825749999999976,133,0.5205095513811352,142.85412060131281,-0.6984329909460376,27.989524822185007,1.2626853303241354,0.8439052710206536,-0.3914563729615424,-20.025581674856035,-0.43793611336322397,19.2774395,0.05085721817839131,0.029362428605529754,0.5261820584600638,0.4302894094578428
1340,935.5283999999999,137.70511875,-0.07722325,134,0.6770676133197159,143.53118821463252,-0.5943265622643391,28.66483340692191,1.2835000032950112,0.8642663338770427,-0.39125192751105276,29.35991253556026,0.25884386867886633,19.968231250000002,0.1924753319820142,0.11112568473217849,0.5196855900589741,0.4302968101421179
1350,919.444275,136.8569785,-0.042150250000000056,135,0.9390446560548703,144.4702328706874,-0.6537413763420034,28.728328708821234,1.2768146092809438,0.8661807650900876,-0.394410078639131,0.08823089311361798,0.45125962489801663,20.787867249999998,0.08722301728842312,0.05035823251100247,0.5254762601619344,0.423307554944047
1360,929.4731999999999,138.3048445,-0.06715174999999995,136,0.4613577886514225,144.93159065933884,-0.6296364277935449,28.79838850137124,1.2705171397663781,0.868293120644359,-0.40480179061625476,6.33027299543708,0.4962157169834473,20.43880025,0.15205594831775415,0.08778954269313918,0.5249283058924826,0.42269900328374566
1370,910.17225,137.87757325,-0.13551975000000002,137,0.5618619123236753,145.4934525716625,-0.5243108260861322,28.59672438997184,1.2524112871520514,0.8622127956775429,-0.39389107897446707,14.781551037871141,-0.6155467606679192,20.341500500000002,0.35532882440511543,0.20514919242112667,0.5181962681802353,0.42327330091525006
1380,928.3378499999999,137.5777105,-0.19028825,138,0.7302529097084272,146.22370548137093,-0.4253846079974272,28.17829031242312,1.2251430570618744,0.849596692836878,-0.3853406294702452,6.605985263207039,-0.2207725318935878,20.5972425,0.5273925988607616,0.30449025892087705,0.5086430175667798,0.4213494185126155
1390,944.98965,138.214753,-0.08654199999999998,139,1.0294687077773224,147.25317418914824,-0.6676908890839226,28.533146050250515,1.2316465920971444,0.8602958608115734,-0.37864529698304517,-0.6003667970912261,0.14728792600794482,19.7442265,0.1667641270327049,0.09628131363350512,0.5105851642827266,0.4218657484222433
1400,937.0421999999999,138.23661275,-0.03880250000000002,140,0.7521397187690466,148.0053139079173,-0.7481132439684897,28.844711621555852,1.236201926638108,0.8696897976348499,-0.38567670186876235,-38.43925452207966,-0.13485569339949266,19.955180249999998,0.05755234364578126,0.03322786109638566,0.5139784192782254,0.4184358091384167
1410,949.53105,140.6973445,-0.05787625000000002,141,0.26071925558104203,148.26603316349835,-0.7387713980674553,28.739847156885613,1.222972219441941,0.8665280549814758,-0.38350100135789933,-44.54675795349876,0.49028550610422583,20.4936515,0.07799311760858035,0.045029347446252005,0.5081066237010006,0.4165806495597553
1420,944.043525,140.41161325000002,-0.12063725000000011,142,0.6072534142252355,148.87328657772358,-0.63588243346998,29.232198128604274,1.235163301208631,0.8813728078976164,-0.38278624067066924,-26.450712446117077,0.4143429960565482,20.14327075,0.2501762616013323,0.14443933198038342,0.5006382271671164,0.41622963324702705
1430,960.6953249999999,141.79124725,-0.08137500000000003,143,0.6987295051091302,149.5720160828327,-0.7391661148261893,29.023184514357013,1.2177559936093854,0.875070889880111,-0.37308247821852825,-36.79599368424138,0.19675995009236602,20.455848500000002,0.10951232757328427,0.06322697180401815,0.49805909669274895,0.4163137569526688
1440,960.316875,142.77452474999998,-0.1586955,144,0.726843186904674,150.29885926973736,-0.5670445809278114,28.670026112922347,1.1945844213717645,0.8644228978770557,-0.3839316332364652,-32.66587907298572,0.37545039211170306,20.355794250000002,0.3634006000660035,0.20980943427177867,0.4865347788141531,0.414383047937449
1450,971.8596,142.309936,-0.15394524999999998,145,0.6247243944945093,150.9235836642319,-0.5225267204963817,29.15376621130244,1.2063627397780319,0.8790080264714304,-0.38050337271231643,9.774924549034171,-0.1361088329192328,20.536157000000003,0.38196102438004004,0.2205253002457613,0.48101921349094684,0.41730047951475185
1460,962.209125,140.95216175000002,-0.1420995,146,0.9732790985541602,151.89686276278604,-0.5683873266773145,29.280663832383613,1.203314952015765,0.882834085398501,-0.36350453008688555,0.8417649703406358,0.36211678815293635,20.48637025,0.331927365484271,0.19163835381374714,0.4895581903460326,0.41802266739435323
1470,980.9423999999999,144.25197874999998,-0.10180625000000001,147,1.1071394605128622,153.00400222329893,-0.6746704027469114,28.765313812351504,1.1740944413204695,0.8672958938397439,-0.34316375122507703,-28.982820738321596,-0.7903023909544797,20.287307000000002,0.1765214223038341,0.10191469068485424,0.47447898276409883,0.4090720800138436
1480,970.72425,145.91734475,-0.21965274999999998,148,0.8564074820150434,153.86040970531394,-0.48601412456596715,28.640957543946353,1.1611199004302573,0.8635464586114479,-0.34167164963823227,17.880499571016223,0.7015702562057305,20.515361249999998,0.5326333803392546,0.30751602551824897,0.45458441373689606,0.40740400135123744
1490,954.8293499999999,144.06539324999997,-0.15959299999999998,149,0.9099044134366668,154.77031411875063,-0.5946168508803789,28.655471317176893,1.1539115966648412,0.8639840598143788,-0.35269509813023225,-12.167120668819397,0.32044563351651234,21.158755999999997,0.3347021624508187,0.19324038358933004,0.4602578621294988,0.40304545080608006
1500,985.4838,147.5827105,-0.10455800000000004,150,0.6425515984887498,155.41286571723938,-0.6918033804432736,29.15487758717318,1.1661951034869271,0.8790415352916536,-0.344722503411129,-13.408853358503483,-0.49778706679098833,21.182527,0.17519489514193942,0.10114881987084698,0.4611523025242475,0.4023286714422844
1510,978.482475,146.6148905,-0.11047125000000005,151,0.8279662607161151,156.2408319779555,-0.6539710252976397,28.765812383840693,1.1430124126029415,0.8673109261459506,-0.35404018224536554,24.779584680427213,-0.3707914561269766,20.8493245,0.21155029649442658,0.12213862062820234,0.4496908017607153,0.39534113766604567
1520,993.0527999999999,146.33048474999998,-0.1524905,152,0.9282849230429909,157.1691169009985,-0.5589214521462479,28.84222711823889,1.1385089651936404,0.8696148879871022,-0.3646598600206263,24.823246509188646,0.04205699281627173,21.03965375,0.3591571432092855,0.20735947331325796,0.44301414980894155,0.3919426238305091
1530,998.72955,145.88002725,-0.03827324999999998,153,0.4632611323225192,157.63237803332103,-0.7599133529519757,28.580962390402128,1.1208220545255738,0.861737559509612,-0.3603208597474206,-16.368696220498045,-0.2267966475933133,21.14559475,0.0826078329087734,0.04769365456705195,0.4419113349965079,0.3892472863101133
1540,964.858275,143.54030175000003,-0.178892,154,0.7186041754848858,158.3509822088059,-0.4922088577862317,28.329551528973454,1.1037487608690955,0.854157332531863,-0.3680619639103272,-31.758687753312984,0.21313421191839993,21.23184275,0.45487731561338196,0.2626235406176405,0.4338038098922741,0.37962661024286815
1550,973.941075,143.90066775,-0.015411750000000002,155,0.6529658371550285,159.00394804596095,-0.8085407332087164,28.625079185808865,1.1080675813861496,0.863067714144991,-0.35426693022393024,6.726245449101921,-0.24106481627940982,21.47968625,0.09764764283770312,0.056376892878080336,0.42824158772342974,0.38385043073098885
1560,969.778125,142.81957025,-0.016055499999999945,156,0.5290795211723975,159.53302756713333,-0.8270688129421352,29.085143357704162,1.1186593599116983,0.8769389957096733,-0.35775785523647163,24.412306661812114,0.20960422081146166,21.36185025,0.09840109968611731,0.05681190139233503,0.42369480564863576,0.3857369699243415
1570,955.9647,139.72179575,-0.04563524999999996,157,0.620679381864294,160.15370694899764,-0.7794726000829795,29.240826974666952,1.1174838334267625,0.8816329741105614,-0.36317025086906873,-15.421651774270321,0.29048325829011806,21.1632435,0.0817066887603682,0.04717337875039155,0.41898118891005603,0.38488560747068906
1580,978.482475,142.1078935,-0.22322174999999997,158,0.5716406827672108,160.72534763176486,-0.4934242138464633,29.34981549602068,1.114549955545089,0.8849190601815281,-0.36139591541215554,-16.622739314621906,-0.03347052250037461,20.663316000000002,0.5304054974546893,0.30622975673512226,0.414836638677203,0.3832364767157792
1590,972.23805,140.08216175,-0.06296049999999997,159,0.9451379508143274,161.67048558257915,-0.8247854610078915,29.28937258144728,1.105259342696124,0.8830966607471543,-0.3727318062428768,-15.805971135453472,0.07576221238047609,20.869239,0.0963253050350559,0.055613440791762336,0.4104482543431227,0.3763772191523456
1600,1008.3800249999999,142.1606675,-0.17093024999999998,160,1.0724026617096378,162.7428882442888,-0.5872112401125122,29.43007058323228,1.1036276468712105,0.8873388115547421,-0.3768331863985849,-16.462183279280037,-0.6950635333360456,20.44934575,0.3481856890862972,0.20102510132194906,0.4124912257583493,0.3680063644033846
1610,963.15525,136.593107,-0.22371550000000004,161,1.0290745622913309,163.77196280658012,-0.5557573387447405,29.734019961105616,1.1081001227741223,0.8965031144051945,-0.3862363883026022,-8.722446443802507,0.011199352712635197,19.436581500000003,0.4703515716725188,0.27155760651889227,0.39807807679478424,0.3682252865744467
1620,992.2959,138.38588125,-0.215476,162,1.0725336005914197,164.84449640717156,-0.5557553084390674,29.323342513123205,1.0860497227082668,0.8841208797926595,-0.39415914221700254,0.574076645710036,0.17561606910309513,20.65527075,0.47695915499695635,0.2753724965299492,0.4035965474525193,0.350537919137574
1630,1001.1894749999999,138.131064,-0.1344072500000001,163,0.48368504676448276,165.32818145393603,-0.7259788276196901,29.01815574534858,1.0681529722214202,0.8749192687039773,-0.39594340154607754,7.629837071618926,0.036554285475095205,19.1677365,0.19136142896370978,0.11048257252470929,0.405571582847083,0.34770750843862824
1640,1001.7571499999999,137.35755825,-0.2426585,164,0.9000360720882625,166.2282175260243,-0.5242139200680178,29.454722734184713,1.0776118073482213,0.8880820924879814,-0.38421269654701085,23.27489655562115,0.8660035453851539,19.251996249999998,0.5321441133538733,0.30723354709253353,0.40034502782206255,0.34643676758129976
1650,981.3208500000001,137.28292425,-0.16361625000000002,165,1.1758300503524148,167.40404757637674,-0.7026086450808767,30.276825494014012,1.1009754725096004,0.9128691103722818,-0.384309991617071,-11.83174719817809,-0.16450482685579237,18.73152375,0.2529890746485432,0.14606331035037076,0.4062505007934102,0.3594092003900667
1660,969.021225,137.25973825,-0.16087174999999998,166,0.9798582226668229,168.38390579904356,-0.6111428450815124,29.949936922698857,1.0825278405794767,0.9030131735487094,-0.38092869609484703,2.078529178424538,0.5718996666124045,18.21295875,0.3322276545282658,0.19181172577413225,0.40798196209125454,0.34577631157262306
1670,976.211775,136.46569875,-0.27358150000000003,167,0.44110111225154663,168.82500691129508,-0.4711549150349033,30.003143387076207,1.0779572474398638,0.9046173885550616,-0.3909777344165748,4.340534197284462,-0.587151424283782,18.780763,0.6265855827730783,0.36175935488437533,0.40396194266231195,0.3496922507809065
1680,995.1342750000001,138.58792425000001,0.50077,168,1.2375476741711762,170.06255458546627,-0.550989184507769,29.90257545704104,1.0679491234657514,0.9015851896595288,-0.375659617919444,17.979907678266926,0.36997095137391184,18.960601750000002,0.5276900356832218,0.3046619841503913,0.39615862442620375,0.3391988478705596
1690,959.37075,135.213473,-0.15261624999999995,169,0.819716891144207,170.8822714766105,-0.7050563105001428,30.182805988485317,1.0715789108337983,0.9100343514116177,-0.37167000122203986,0.23370765600336152,-0.37186750475190133,18.39384575,0.2410830367587057,0.1391893561696912,0.39034836173124116,0.3397307022747075
1700,940.4482500000001,135.88143,-0.21597199999999994,170,1.1036726262181065,171.9859441028286,-0.5578144666790844,30.444748442028715,1.0745205332480723,0.9179321138300116,-0.36730001518690203,-15.007741968299497,-0.18911002025368925,18.915815000000002,0.4436008241180145,0.2561130552172755,0.39426241961647307,0.3227679025701083
1710,911.6860499999999,146.57757325,-0.08942475000000005,171,0.7432248765113486,172.72916897933993,-0.7558114613485903,30.360153731901608,1.0652685519965477,0.9153815195548224,-0.35981559014781916,-5.5776535396711555,-0.00272413793873183,18.164727,0.11531897038587226,0.06657943859495384,0.3847614731649543,0.33408421554852086
1720,896.358825,144.5968875,-0.037698500000000024,172,1.3976481883489016,174.12681716768884,-0.8304708334584121,29.544051708016866,1.0306064549308207,0.8907754283824182,-0.3405629555928585,15.741737070899795,-0.0670100245426207,17.977857999999998,0.1018759889595283,0.058818129649743006,0.355838618611711,0.3431139480086263
1730,882.92385,144.011293,-0.09739700000000007,173,1.127954894393698,175.25477206208254,-0.7342841770792192,30.521850617357686,1.0585612930875499,0.9202568025333976,-0.3434831459757106,28.645382536272752,-0.4107935527422864,18.222595,0.14221480912419837,0.08210775833060718,0.3584102497513695,0.3445059271011352
1740,916.4166749999999,154.38438725,-0.17196724999999996,174,1.7250327915960555,176.9798048536786,-0.7130826574448416,30.496408107541054,1.0516002795703814,0.919489691684655,-0.3840516051279819,31.034887955109745,0.3359209725028624,18.03358425,0.253145471359272,0.14615360603341038,0.35674837355197325,0.31615292945044193
1750,934.7715,152.53243600000002,-0.09294225000000006,175,1.0167576962575409,177.99656254993616,-0.8047240696335625,30.237117487899077,1.0367011710136829,0.9116718840572586,-0.3514028141688149,-3.704768013134797,-0.49306575728880236,17.67412625,0.10813632010524933,0.062432533521941246,0.3550528713903741,0.3309241751945268
1760,916.6058999999999,152.825896,-0.08638625,176,1.1144653389424435,179.1110278888786,-0.8119451762134767,30.386450066875902,1.035901706825315,0.9161743738756554,-0.36284971662157667,-46.28112328305578,-0.31523534705607004,18.12498025,0.10323444380335733,0.05960243391950965,0.35548101375140234,0.3164226670808491
1770,987.37605,149.99066775,-0.18603599999999998,177,1.161102603645817,180.2721304925244,-0.641839519776098,30.961870635774833,1.0495549368059267,0.9335237377620553,-0.3958376037397296,20.782676528974143,0.33500113546553945,18.855311999999998,0.3381843423751066,0.19525082110598432,0.3472607153088344,0.31510980942882416
1780,962.3983499999999,151.65470725,-0.11728274999999999,178,1.527805316374321,181.79993580889874,-0.7234003683142745,30.754874535030552,1.0366811641021534,0.9272826492974037,-0.33902491245910615,11.209947760937798,0.01976896572005013,18.312865,0.1667019839330247,0.09624543529817647,0.36116042519524105,0.30743202137160125
1790,988.13295,151.49771075,-0.10999775,179,0.29554940565146826,182.0954852145502,-0.6852314660359108,30.884250450531127,1.0352262720848424,0.9311834306692802,-0.3390198936056342,62.66027196554506,0.052102970631555695,19.1497905,0.18415462226319593,0.10632172073617001,0.35768052793496014,0.3049566204173543
1800,954.6401249999999,152.0537165,-0.10543174999999999,180,1.216679054038987,183.31216426858916,-0.7307316626882341,31.376042025905576,1.045868067530186,0.9460113173639872,-0.3098898051612903,-7.0468748742138665,-0.08014648426796926,19.037698999999996,0.15060235263888616,0.08695030883665188,0.3543143955585104,0.33258031009056976
1810,975.4548749999999,152.91466175,-0.11018249999999996,181,1.3825190105073972,184.69468327909655,-0.7188003595122558,31.817859123364652,1.0547356615479995,0.9593324358803413,-0.3305168669106431,8.395463703239528,0.3231584060954551,19.403050999999998,0.16556512105034246,0.0955890672068282,0.345637835352075,0.3202623823604525
1820,956.7216000000001,145.01002774999998,-0.19402575000000002,182,1.4099505790869111,186.1046338581835,-0.632769984208421,32.2507540290581,1.0632116712876298,0.9723845435896915,-0.30013850324290364,-0.28504286577391724,0.49368501327534897,19.613996,0.3445694522353658,0.19893726600261033,0.3369294441764356,0.3450035393650767
1830,962.0199,144.89675,-0.13650824999999997,183,0.7837146819868106,186.88834854017028,-0.7216778892940238,32.815541021419484,1.0759193777514584,0.9894132971282258,-0.2890084593811557,7.7971421588649115,0.45831551913056884,20.28658025,0.20949580900196368,0.12095246172138216,0.3420794498303947,0.3445090165538235
1840,963.15525,147.5453935,-0.6544540000000001,184,1.6272820954762446,188.51563063564654,-0.7397430787988737,32.30792571041836,1.0535193166440768,0.9741083128769356,-0.2858442540853021,-12.274803105623755,-0.5913801021122509,20.60634125,0.19938673514926344,0.11511598521126787,0.3437748258179075,0.3291182329042532
1850,961.64145,150.17857899999998,0.664845,185,1.766045729293255,190.28167636493978,-0.8212058378797769,32.22104875296568,1.0450069865826705,0.9714889071245933,-0.33495559611982545,-22.359521029444725,0.3501079145644021,21.07123725,0.12508918384185966,0.07222027396380826,0.3360214295802608,0.3070901134680438
1860,923.79645,141.41675049999998,0.5933662500000001,186,1.205552959988161,191.48722932492797,-0.7388227769486796,32.80147831243125,1.0581122036268147,0.9889892958521985,-0.3248716699711694,-20.8130761077449,-0.36409695174818013,20.565394,0.22868023318333588,0.13202859418674537,0.3237428817441558,0.32341172675996427
1870,961.0737750000001,145.14516475,0.600082,187,1.271091966203685,192.75832129113167,-0.7678154713113368,32.42662052131891,1.040426326887238,0.9776870508940375,-0.34801280468766255,18.775651294696825,0.37421106001139004,20.966687,0.19086423781587974,0.11019551908167093,0.33333304049364904,0.3036412383918569
1880,969.0212250000001,145.91734449999998,0.6058445,188,0.7427014296656386,193.5010227207973,-0.7598199382012129,32.91983003569423,1.050632873479603,0.9925576895184192,-0.35882954088504326,-15.012881991063715,-0.16200217295965416,20.19624175,0.1927682764152517,0.11129481627956575,0.32027132365256766,0.3046210055618943
1890,977.347125,148.59557625000002,0.5858685,189,1.45321296372083,194.95423568451812,-0.7715517427971574,32.69826675028985,1.0380402142949157,0.9858773894559754,-0.3806735196844247,-14.216193671624895,-0.3157511008751607,20.87440225,0.15756089121543373,0.090967822956988,0.3149310403519713,0.2745103062170062
1900,964.4798249999999,147.74876225,0.6175825000000001,190,0.41669157768438975,195.37092726220249,-0.8124735855733831,32.71701754987887,1.0331689752593325,0.9864427401973529,-0.37228496072330264,-10.423150161890533,0.4721197269534267,20.942749499999998,0.14536613287953046,0.08392717594905182,0.3113781022246597,0.27518106681091775
1910,916.98435,140.9598905,0.59734775,191,1.229471470215662,196.60039873241817,-0.8244105353316238,32.95778411864786,1.035323061318781,0.9937020337280762,-0.36040728776091946,-33.4108494770394,0.27718921496223126,20.97748,0.13175607732478084,0.07606940671083136,0.31414088646778543,0.29743820508674274
1920,876.8686499999999,137.62143,0.58322,192,0.8424387838802978,197.44283751629848,-0.8330434238277065,32.94080493266545,1.0294001541457953,0.9931900984723252,-0.35652367898383136,4.943338594894588,-0.09227662438335213,21.11848725,0.10927323034500103,0.06308892895490632,0.3108243354670374,0.3110068177194696
1930,910.3614749999999,142.325393,0.6629207500000001,193,2.3161100435521256,199.7589475598506,-0.8544078415197377,32.73948162413634,1.0178077188850676,0.9871200489689349,-0.37269129578187293,10.971337357988073,0.0802400242027666,19.757096,0.12965186393386824,0.07485453854315556,0.3127795837492394,0.267099565361724
1940,1035.81765,143.75139925000002,-0.07567275000000001,194,3.6834103388360084,203.44235789868662,-0.795045616169936,33.77350898448985,1.044541514984222,1.0182967533012015,-0.4808736949241367,-4.873659061655413,0.23196647441627322,17.83620175,0.10601852562764655,0.06120982431020898,0.30598846685100284,0.17730905685167692
1950,947.449575,141.448991,-0.20889975000000002,195,1.43182471497044,204.87418261365704,-0.7101792933653189,33.69484861846024,1.0367645728756996,1.0159250839736758,-0.5094057853013074,-39.929283953950815,0.16945556596646666,19.369959,0.2860792328840288,0.16516792211515566,0.30946064643035154,0.16775125635818794
1960,953.1263250000002,144.39617074999998,0.66182375,196,1.0324008353622234,205.90658344901928,-0.8661003834738429,33.790725156224454,1.034409953761973,1.0188158338560138,-0.48561701824557313,-5.363022494964504,0.07812066000428199,20.17797425,0.13684017084325137,0.07900470947230556,0.3022915528599667,0.17659099795748168
1970,974.8872000000001,142.93417349999999,0.51846875,197,1.6380100911111826,207.54459354013045,-0.6830919129668521,34.97622515740093,1.065265740834546,1.0545595524844502,-0.45991559562577145,53.96390236215436,0.052806359553713454,19.073752499999998,0.24749642475142386,0.14289212745370453,0.29384543288601744,0.19346164912674285
1980,963.9121499999999,138.140119,0.293008,198,1.3017864159057833,208.84637995603623,-0.35025389990277445,34.55840814050329,1.0472244891061604,1.0419620544875365,-0.4283293832807146,-11.733154791482699,-0.38624492622375306,19.590384999999998,0.7535632245102772,0.43506993052241094,0.2920173231794337,0.21579720692724474
1990,884.4376500000001,133.3628475,1.2305307499999998,199,2.7749114530193784,211.62129140905563,-0.7401601606265715,33.781056088435726,1.0185243041739414,1.0185243041739416,-0.36399080236340897,-17.30241735893451,-0.3198866863376538,20.176075249999997,0.14339606146052453,0.08278975468496597,0.28762121861338275,0.2685794448550366
